<?xml version="1.1" encoding="UTF-8" ?>
<!DOCTYPE sla-profile [

<!ELEMENT sla-profile (description?, sla-threshold*)>
<!ATTLIST sla-profile
    uid CDATA #REQUIRED
    uniqueKey CDATA #REQUIRED>

<!ELEMENT description (#PCDATA)>
	
<!ELEMENT sla-threshold ((threshold-condition )*)>
<!ATTLIST sla-threshold
	uid CDATA #REQUIRED
	percent CDATA #IMPLIED
	identifier CDATA #REQUIRED
	enabled CDATA #REQUIRED
	family CDATA #REQUIRED>

<!ELEMENT threshold-condition (#PCDATA)>
<!ATTLIST threshold-condition
    severity CDATA #REQUIRED
    durationKind CDATA #REQUIRED
    durationNumber CDATA #REQUIRED
    operator CDATA #REQUIRED
    valueMin CDATA #REQUIRED
    valueMax CDATA #REQUIRED>

]>
<sla-profile name="DefaultSLA" uid="a5f08b0d-8fb0-47ff-8536-400eae7f8fbc">
<description/>
<sla-threshold enabled="false" family="PER_RUN" identifier="AVERAGE_REQUEST_RESPONSE_TIME" percent="1" uid="ac9fb959-22f7-442e-880c-1e1897856dea"/>
<sla-threshold enabled="false" family="PER_RUN" identifier="AVERAGE_PAGE_RESPONSE_TIME" percent="1" uid="41d1ab5b-377c-4b2b-a5ca-61f95638db87">
<threshold-condition durationKind="NB_OF_TIMES" durationNumber="1" operator="GREATER_THAN" severity="HIGH" valueMax="Infinity" valueMin="1.0"/>
<threshold-condition durationKind="NB_OF_TIMES" durationNumber="1" operator="GREATER_THAN" severity="LOW" valueMax="Infinity" valueMin="0.8"/>
</sla-threshold>
<sla-threshold enabled="true" family="PER_RUN" identifier="AVERAGE_CONTAINER_RESPONSE_TIME" percent="1" uid="83fd5e37-bee5-4c2d-ab38-8a15b74cc4a5">
<threshold-condition durationKind="NB_OF_TIMES" durationNumber="1" operator="GREATER_THAN" severity="LOW" valueMax="Infinity" valueMin="4.0"/>
<threshold-condition durationKind="NB_OF_TIMES" durationNumber="1" operator="GREATER_THAN" severity="HIGH" valueMax="Infinity" valueMin="7.0"/>
</sla-threshold>
<sla-threshold enabled="false" family="PER_RUN" identifier="PERCENTILE_CONTAINER_RESPONSE_TIME" percent="1" uid="7cab301e-c84d-4bf2-8dd5-812612446d39"/>
<sla-threshold enabled="false" family="PER_RUN" identifier="AVERAGE_HITS_PER_SECOND" percent="1" uid="6e554b18-8552-4360-8f89-57872558d507"/>
<sla-threshold enabled="false" family="PER_RUN" identifier="AVERAGE_THROUGHPUT_PER_SECOND" percent="1" uid="912362e4-ef57-459f-b41e-c3a4af194504"/>
<sla-threshold enabled="false" family="PER_RUN" identifier="TOTAL_ERRORS" percent="1" uid="6c277ada-b78f-4ce0-af89-45e8d9bbca7a"/>
<sla-threshold enabled="false" family="PER_RUN" identifier="TOTAL_HITS" percent="1" uid="6a59b246-755e-4ab0-ae9b-959be60e453f"/>
<sla-threshold enabled="false" family="PER_RUN" identifier="TOTAL_THROUGHPUT" percent="1" uid="8c3e834a-fddb-4d96-a62e-9bad659f8ab3"/>
<sla-threshold enabled="false" family="PER_RUN" identifier="ERROR_PERCENTILE" percent="1" uid="1d3c1701-9643-457d-b0b9-2b524875b48f"/>
<sla-threshold enabled="true" family="PER_TIME_INTERVAL" identifier="AVERAGE_RESPONSE_TIME" percent="1" uid="6c1d4dc2-8af8-40cd-be8b-97bfed9d56b9">
<threshold-condition durationKind="NB_OF_TIMES" durationNumber="1" operator="GREATER_THAN" severity="LOW" valueMax="Infinity" valueMin="4.0"/>
<threshold-condition durationKind="NB_OF_TIMES" durationNumber="1" operator="GREATER_THAN" severity="HIGH" valueMax="Infinity" valueMin="7.0"/>
</sla-threshold>
<sla-threshold enabled="false" family="PER_TIME_INTERVAL" identifier="AVERAGE_HITS_PER_SECOND" percent="1" uid="e63ddd5c-73f1-4a30-ba5e-91152c3e508a"/>
<sla-threshold enabled="false" family="PER_TIME_INTERVAL" identifier="AVERAGE_THROUGHPUT_PER_SECOND" percent="1" uid="1623fd56-0665-4bc5-b21d-b7215fd8825c"/>
<sla-threshold enabled="false" family="PER_TIME_INTERVAL" identifier="ERRORS_PER_SECOND" percent="1" uid="6e2f6bdf-e07f-42be-8263-45b7cd7c283b"/>
<sla-threshold enabled="false" family="PER_TIME_INTERVAL" identifier="ERROR_PERCENTILE" percent="1" uid="6905e06a-4f7b-4887-9133-c1f4b56b943a"/>
</sla-profile>
